﻿<?xml version="1.0" encoding="utf-8"?>
<Project ToolsVersion="14.0" xmlns="http://schemas.microsoft.com/developer/msbuild/2003">
  <PropertyGroup>
    <IncludeCompositeObjects>True</IncludeCompositeObjects>
    <TargetDatabaseName>Adventure_Legacy</TargetDatabaseName>
    <DeployScriptFileName>GlobalBlue.Data.Adventure.Legacy.sql</DeployScriptFileName>
    <TargetConnectionString>Data Source=localhost;Integrated Security=True;Persist Security Info=False;Pooling=False;MultipleActiveResultSets=False;Connect Timeout=60;Encrypt=False;TrustServerCertificate=True</TargetConnectionString>
    <BlockOnPossibleDataLoss>False</BlockOnPossibleDataLoss>
    <ScriptDatabaseOptions>False</ScriptDatabaseOptions>
    <ProfileVersionNumber>1</ProfileVersionNumber>
  </PropertyGroup>
</Project>